order_id,customer_id,order_date,status,region_code
O000001,C0443,2025-07-16 19:21:00,PLACED,103
O000002,C0382,2026-06-12 11:42:03,CANCELLED,102
O000003,C0398,2025-11-01 16:14:31,SHIPPED,103
O000004,C0411,2025-10-21 01:50:42,DELIVERED,101
O000005,C0326,2024-08-11 12:11:59,SHIPPED,103
O000006,C0129,2026-05-24 23:00:02,SHIPPED,103
O000007,C0050,2026-03-13 00:52:06,PLACED,102
O000008,C0404,2025-08-28 23:04:40,CANCELLED,101
O000009,C0297,2025-08-07 03:14:31,DELIVERED,103
O000010,C0068,2026-02-16 13:56:38,PLACED,102
O000011,C0168,2024-10-11 11:10:12,CANCELLED,101
O000012,C0103,2024-09-22 13:41:32,SHIPPED,103
O000013,C0449,2025-07-21 18:07:41,DELIVERED,103
O000014,C0257,2025-12-06 08:28:29,DELIVERED,101
O000015,C0132,2024-10-21 10:00:40,CANCELLED,102
O000016,C0383,2026-06-12 18:43:12,DELIVERED,101
O000017,C0240,2025-10-23 22:05:18,PLACED,101
O000018,C0387,2025-09-04 01:31:29,SHIPPED,103
O000019,C0371,2026-04-15 22:37:46,CANCELLED,103
O000020,C0188,2024-07-13 02:52:44,PLACED,102
O000021,C0008,2026-06-08 21:13:07,DELIVERED,103
O000022,C0064,2026-07-10 13:08:59,CANCELLED,102
O000023,C0345,2026-03-06 01:08:13,DELIVERED,103
O000024,C0196,2025-12-21 05:46:07,DELIVERED,101
O000025,C0346,2025-11-28 11:03:44,SHIPPED,102
O000026,C0013,2025-06-12 08:11:21,RETURNED,103
O000027,C0168,2025-08-21 16:06:55,RETURNED,101
O000028,C0332,2025-06-03 22:37:26,PLACED,103
O000029,C0422,2025-04-25 20:50:29,CANCELLED,103
O000030,C0155,2026-05-22 16:24:45,CANCELLED,101
O000031,C0072,2024-08-14 22:15:13,PLACED,101
O000032,C0156,2026-01-05 01:30:36,CANCELLED,101
O000033,C0050,2025-08-27 17:00:04,SHIPPED,103
O000034,C0070,2025-06-10 08:49:47,CANCELLED,102
O000035,C0190,2025-01-06 10:26:21,RETURNED,102
O000036,C0301,2026-07-11 01:57:09,SHIPPED,102
O000037,C0336,2026-03-27 08:27:54,PLACED,102
O000038,C0316,2025-07-21 15:56:16,CANCELLED,102
O000039,C0017,2026-03-17 10:53:18,DELIVERED,101
O000040,C0228,2026-03-01 05:35:02,CANCELLED,101
O000041,C0438,2025-05-04 07:16:08,DELIVERED,101
O000042,C0352,2025-04-10 10:37:52,DELIVERED,103
O000043,C0462,2025-10-12 17:09:27,DELIVERED,101
O000044,C0204,2026-03-29 03:43:43,DELIVERED,101
O000045,C0496,2026-02-08 01:05:31,PLACED,102
O000046,C0047,2026-06-17 08:13:17,SHIPPED,103
O000047,C0328,2026-02-23 16:37:32,RETURNED,101
O000048,C0026,2026-04-23 10:52:04,DELIVERED,101
O000049,C0065,2026-01-04 08:04:35,RETURNED,101
O000050,C0036,2025-10-02 16:10:33,RETURNED,101
O000051,C0301,2024-09-26 02:04:50,SHIPPED,101
O000052,C0169,2025-06-07 16:12:10,SHIPPED,103
O000053,C0002,2024-10-24 04:16:03,DELIVERED,101
O000054,C0067,2025-01-25 21:03:55,RETURNED,102
O000055,C0409,2025-07-17 19:03:46,SHIPPED,101
O000056,C0339,2026-02-27 01:09:00,PLACED,101
O000057,C0008,2025-01-08 18:51:35,DELIVERED,101
O000058,C0302,2026-06-19 01:43:34,DELIVERED,101
O000059,C0090,2026-05-10 10:25:07,DELIVERED,101
O000060,C0065,2024-09-15 06:58:42,CANCELLED,103
O000061,C0059,2025-02-17 04:58:44,PLACED,102
O000062,C0230,2025-10-19 21:28:59,DELIVERED,103
O000063,C0304,2026-05-24 04:36:51,PLACED,102
O000064,C0258,2025-09-07 12:23:11,SHIPPED,103
O000065,C0023,2025-05-25 14:13:56,RETURNED,102
O000066,C0235,2025-01-28 10:20:19,PLACED,101
O000067,C0246,2024-12-06 00:06:45,CANCELLED,102
O000068,C0352,2024-07-16 10:27:48,PLACED,102
O000069,C0365,2026-01-13 23:59:52,CANCELLED,101
O000070,C0461,2026-02-09 19:03:56,PLACED,102
O000071,C0312,2026-03-17 08:24:26,SHIPPED,101
O000072,C0065,2024-07-17 17:07:17,DELIVERED,103
O000073,C0325,2025-10-04 02:58:00,RETURNED,103
O000074,C0365,2025-08-22 01:22:08,DELIVERED,102
O000075,C0306,2024-10-11 16:59:23,RETURNED,102
O000076,C0233,2025-08-19 21:34:07,RETURNED,103
O000077,C0221,2024-07-17 18:36:44,PLACED,103
O000078,C0059,2025-04-29 11:34:09,RETURNED,103
O000079,C0444,2025-12-02 14:07:46,SHIPPED,102
O000080,C0232,2024-12-18 17:47:15,SHIPPED,102
O000081,C0174,2025-12-28 09:24:24,CANCELLED,102
O000082,C0213,2026-03-28 21:30:17,PLACED,102
O000083,C0219,2025-03-14 13:20:25,DELIVERED,103
O000084,C0131,2025-05-25 17:55:48,DELIVERED,101
O000085,C0352,2025-04-19 13:42:14,CANCELLED,101
O000086,C0047,2024-10-02 23:21:38,PLACED,101
O000087,C0222,2024-11-09 09:47:14,PLACED,103
O000088,C0379,2025-06-08 03:03:20,DELIVERED,101
O000089,C0285,2025-11-30 06:45:40,PLACED,103
O000090,C0490,2025-10-09 20:35:48,RETURNED,103
O000091,C0169,2025-01-25 04:33:44,PLACED,102
O000092,C0182,2025-01-31 03:32:40,CANCELLED,103
O000093,C0027,2026-05-07 06:25:50,DELIVERED,103
O000094,C0160,2025-09-01 14:13:30,DELIVERED,101
O000095,C0296,2025-06-06 04:15:54,RETURNED,101
O000096,C0080,2025-09-23 18:43:18,CANCELLED,101
O000097,C0434,2025-04-22 04:36:19,PLACED,102
O000098,C0433,2025-10-30 10:47:17,RETURNED,102
O000099,C0059,2025-02-11 05:19:34,DELIVERED,103
O000100,C0116,2025-12-22 19:54:55,CANCELLED,103
O000101,C0499,2025-05-16 21:35:16,RETURNED,103
O000102,C0346,2026-02-18 14:12:06,RETURNED,101
O000103,C0312,2024-12-17 09:37:50,DELIVERED,101
O000104,C0093,2025-05-29 03:38:12,DELIVERED,103
O000105,C0391,2025-09-14 00:29:15,DELIVERED,102
O000106,C0180,2026-03-12 23:22:50,PLACED,101
O000107,C0446,2025-09-18 06:13:37,SHIPPED,103
O000108,C0337,2025-07-21 22:21:23,CANCELLED,101
O000109,C0073,2024-11-28 00:04:49,PLACED,101
O000110,C0383,2025-04-25 17:46:31,RETURNED,101
O000111,C0193,2025-09-19 10:46:11,CANCELLED,102
O000112,C0175,2025-09-16 04:48:10,SHIPPED,102
O000113,C0160,2025-07-22 22:26:54,DELIVERED,103
O000114,C0306,2025-01-25 07:15:49,PLACED,101
O000115,C0080,2025-03-07 08:56:00,SHIPPED,103
O000116,C0026,2025-10-03 20:42:12,PLACED,102
O000117,C0227,2025-04-05 15:46:20,CANCELLED,102
O000118,C0311,2026-03-05 12:32:12,CANCELLED,102
O000119,C0140,2026-01-11 03:52:41,SHIPPED,103
O000120,C0059,2025-05-17 10:10:55,DELIVERED,102
O000121,C0057,2026-02-03 16:29:03,DELIVERED,103
O000122,C0348,2024-10-27 10:17:21,RETURNED,102
O000123,C0270,2026-05-07 06:50:26,DELIVERED,101
O000124,C0113,2026-05-14 03:28:25,CANCELLED,103
O000125,C0029,2025-12-06 06:25:43,PLACED,101
O000126,C0155,2024-10-12 16:25:30,SHIPPED,101
O000127,C0392,2026-02-13 00:46:21,DELIVERED,102
O000128,C0168,2025-01-06 15:45:11,PLACED,101
O000129,C0255,2025-06-24 01:38:14,CANCELLED,101
O000130,C0067,2026-03-12 10:43:12,CANCELLED,103
O000131,C0361,2026-01-06 08:36:56,SHIPPED,103
O000132,C0287,2024-11-14 20:35:06,DELIVERED,101
O000133,C0204,2024-09-28 01:50:04,PLACED,102
O000134,C0010,2024-12-25 18:17:42,CANCELLED,101
O000135,C0442,2025-08-11 00:42:57,DELIVERED,103
O000136,C0220,2025-05-19 07:30:07,RETURNED,102
O000137,C0364,2026-03-14 18:07:11,CANCELLED,102
O000138,C0059,2025-04-01 01:26:39,CANCELLED,101
O000139,C0495,2026-03-26 05:30:04,DELIVERED,101
O000140,C0411,2025-09-12 19:59:24,RETURNED,102
O000141,C0426,2025-11-01 02:46:04,DELIVERED,101
O000142,C0224,2026-01-04 14:35:50,PLACED,101
O000143,C0224,2025-12-25 21:42:42,RETURNED,102
O000144,C0269,2026-01-12 04:01:29,PLACED,102
O000145,C0446,2024-08-21 14:50:24,DELIVERED,103
O000146,C0174,2024-11-14 00:52:45,SHIPPED,102
O000147,C0399,2025-05-10 09:55:25,SHIPPED,101
O000148,C0262,2025-11-18 02:06:17,PLACED,103
O000149,C0262,2024-07-16 07:07:48,SHIPPED,102
O000150,C0180,2026-03-28 23:02:14,SHIPPED,101
O000151,C0053,2024-09-20 22:31:11,SHIPPED,102
O000152,C0102,2026-04-12 15:05:59,SHIPPED,103
O000153,C0079,2024-11-02 01:37:26,PLACED,101
O000154,C0488,2025-07-13 13:02:47,CANCELLED,102
O000155,C0387,2026-07-01 07:49:12,RETURNED,103
O000156,C0230,2025-10-21 09:53:29,RETURNED,103
O000157,C0326,2025-06-15 08:31:45,RETURNED,102
O000158,C0443,2024-09-18 15:34:01,DELIVERED,101
O000159,C0226,2024-08-30 23:03:06,PLACED,102
O000160,C0227,2025-02-01 12:53:45,DELIVERED,102
O000161,C0303,2024-12-31 10:36:09,PLACED,102
O000162,C0260,2025-04-26 05:22:24,PLACED,102
O000163,C0237,2024-09-12 08:33:15,CANCELLED,101
O000164,C0030,2025-10-28 05:37:35,DELIVERED,102
O000165,C0040,2024-08-10 12:18:57,PLACED,103
O000166,C0305,2026-01-25 22:03:57,RETURNED,102
O000167,C0237,2025-05-06 16:51:41,RETURNED,103
O000168,C0489,2026-07-05 01:43:52,PLACED,102
O000169,C0466,2025-05-19 09:04:01,RETURNED,103
O000170,C0097,2025-11-01 01:39:13,DELIVERED,103
O000171,C0244,2025-12-03 20:29:54,RETURNED,101
O000172,C0491,2025-08-20 20:45:10,PLACED,102
O000173,C0053,2025-02-19 16:40:44,DELIVERED,103
O000174,C0044,2026-01-15 21:47:58,RETURNED,103
O000175,C0089,2025-10-19 06:12:05,PLACED,101
O000176,C0363,2024-08-25 19:41:38,CANCELLED,102
O000177,C0269,2026-03-05 01:36:44,RETURNED,103
O000178,C0082,2026-04-10 06:40:38,DELIVERED,102
O000179,C0470,2024-11-25 07:47:46,DELIVERED,102
O000180,C0210,2025-11-21 12:24:02,DELIVERED,103
O000181,C0307,2025-07-31 04:12:00,PLACED,103
O000182,C0332,2025-06-18 03:32:15,DELIVERED,101
O000183,C0169,2024-07-20 12:09:42,PLACED,103
O000184,C0348,2024-12-15 20:36:03,CANCELLED,102
O000185,C0130,2026-05-03 20:14:07,RETURNED,101
O000186,C0171,2025-12-04 09:42:53,PLACED,103
O000187,C0340,2026-07-05 03:06:03,SHIPPED,102
O000188,C0159,2026-03-28 14:28:20,CANCELLED,101
O000189,C0305,2025-08-18 15:34:58,PLACED,102
O000190,C0287,2025-02-19 08:03:12,CANCELLED,103
O000191,C0406,2024-12-10 10:50:36,DELIVERED,101
O000192,C0344,2024-08-07 07:01:45,RETURNED,101
O000193,C0331,2026-03-13 02:34:07,CANCELLED,103
O000194,C0186,2025-10-20 20:16:24,PLACED,102
O000195,C0159,2025-08-12 17:48:26,SHIPPED,101
O000196,C0175,2025-08-16 19:58:06,CANCELLED,101
O000197,C0116,2026-01-05 16:33:08,SHIPPED,101
O000198,C0040,2025-01-08 03:09:55,DELIVERED,101
O000199,C0260,2025-11-02 00:28:41,RETURNED,103
O000200,C0453,2024-11-20 19:53:44,RETURNED,101
O000201,C0339,2025-12-17 17:13:50,DELIVERED,103
O000202,C0068,2024-08-09 04:44:01,RETURNED,102
O000203,C0079,2025-04-17 14:32:42,SHIPPED,101
O000204,C0426,2025-01-14 00:34:20,RETURNED,101
O000205,C0370,2025-12-02 22:56:49,CANCELLED,101
O000206,C0211,2024-07-12 09:51:38,DELIVERED,103
O000207,C0369,2024-11-11 11:29:19,SHIPPED,102
O000208,C0313,2024-09-17 15:22:22,DELIVERED,103
O000209,C0402,2025-02-11 12:20:29,CANCELLED,101
O000210,C0274,2026-03-09 18:39:41,SHIPPED,102
O000211,C0495,2025-05-18 10:29:21,CANCELLED,101
O000212,C0189,2025-04-12 11:16:56,RETURNED,102
O000213,C0237,2025-12-14 07:54:39,DELIVERED,102
O000214,C0258,2025-05-15 02:30:25,RETURNED,102
O000215,C0495,2025-05-23 02:39:33,SHIPPED,101
O000216,C0411,2025-10-10 09:49:54,RETURNED,101
O000217,C0447,2024-12-14 18:33:42,DELIVERED,101
O000218,C0329,2025-08-18 07:55:44,CANCELLED,102
O000219,C0284,2024-07-24 02:57:29,PLACED,103
O000220,C0434,2026-02-04 13:47:35,RETURNED,101
O000221,C0146,2026-01-09 16:58:08,PLACED,101
O000222,C0140,2024-09-03 11:37:20,CANCELLED,103
O000223,C0076,2026-06-26 03:12:52,CANCELLED,101
O000224,C0485,2024-09-20 05:19:08,SHIPPED,102
O000225,C0453,2025-09-12 01:39:18,DELIVERED,101
O000226,C0213,2025-02-18 03:51:14,PLACED,102
O000227,C0258,2026-01-27 04:42:43,DELIVERED,101
O000228,C0198,2026-04-17 16:26:33,PLACED,102
O000229,C0115,2025-09-19 11:08:36,PLACED,102
O000230,C0477,2026-06-22 21:30:32,PLACED,103
O000231,C0333,2025-10-07 23:09:12,DELIVERED,101
O000232,C0071,2025-04-08 13:28:16,PLACED,102
O000233,C0470,2025-04-08 01:54:38,CANCELLED,103
O000234,C0426,2026-04-06 14:48:17,SHIPPED,103
O000235,C0241,2025-02-11 22:59:07,CANCELLED,103
O000236,C0003,2025-01-03 22:57:34,PLACED,101
O000237,C0132,2025-10-26 03:56:19,SHIPPED,101
O000238,C0281,2024-12-10 06:43:04,RETURNED,103
O000239,C0217,2025-06-30 09:49:40,PLACED,102
O000240,C0122,2026-07-04 07:37:39,DELIVERED,101
O000241,C0025,2025-05-21 22:47:59,SHIPPED,102
O000242,C0328,2025-10-01 17:32:37,RETURNED,102
O000243,C0033,2024-07-15 19:12:53,PLACED,102
O000244,C0306,2025-01-30 23:54:08,RETURNED,101
O000245,C0324,2024-11-25 03:23:25,RETURNED,103
O000246,C0124,2025-05-24 10:02:42,SHIPPED,102
O000247,C0220,2025-08-09 09:28:03,PLACED,103
O000248,C0181,2024-10-02 21:09:22,SHIPPED,103
O000249,C0214,2025-09-19 02:08:12,SHIPPED,103
O000250,C0343,2024-09-06 09:52:40,PLACED,103
O000251,C0500,2025-08-07 00:15:31,DELIVERED,101
O000252,C0489,2025-02-25 17:45:25,RETURNED,103
O000253,C0260,2025-04-02 05:55:44,RETURNED,103
O000254,C0011,2024-10-11 01:42:40,CANCELLED,102
O000255,C0023,2026-03-27 20:26:01,CANCELLED,102
O000256,C0130,2025-08-14 20:51:46,PLACED,102
O000257,C0404,2025-01-28 08:15:30,PLACED,102
O000258,C0124,2026-05-23 16:26:11,PLACED,103
O000259,C0377,2025-09-02 23:45:05,DELIVERED,101
O000260,C0023,2026-04-04 18:40:14,DELIVERED,103
O000261,C0174,2026-03-20 10:21:11,SHIPPED,103
O000262,C0238,2025-10-01 17:18:15,CANCELLED,103
O000263,C0094,2025-01-22 11:28:51,SHIPPED,101
O000264,C0367,2026-01-02 09:10:47,CANCELLED,101
O000265,C0151,2025-06-21 02:18:40,SHIPPED,101
O000266,C0406,2025-05-01 01:47:29,SHIPPED,101
O000267,C0162,2025-09-22 14:43:45,DELIVERED,103
O000268,C0204,2025-07-22 20:01:12,RETURNED,102
O000269,C0130,2026-03-02 05:44:03,PLACED,103
O000270,C0098,2025-01-17 03:26:51,DELIVERED,102
O000271,C0442,2026-02-20 12:49:51,PLACED,103
O000272,C0170,2025-04-02 00:14:27,DELIVERED,101
O000273,C0410,2026-03-06 14:42:54,DELIVERED,102
O000274,C0456,2025-07-03 14:03:36,CANCELLED,103
O000275,C0226,2025-12-23 14:21:04,CANCELLED,102
O000276,C0499,2025-07-05 00:57:25,SHIPPED,102
O000277,C0355,2026-06-08 12:55:15,CANCELLED,102
O000278,C0474,2025-10-10 23:44:40,RETURNED,102
O000279,C0411,2026-05-12 17:47:03,PLACED,103
O000280,C0218,2024-08-02 10:21:34,PLACED,102
O000281,C0309,2025-07-21 13:04:50,SHIPPED,103
O000282,C0151,2024-10-10 11:54:13,DELIVERED,101
O000283,C0041,2025-01-28 10:36:51,DELIVERED,103
O000284,C0152,2024-09-02 15:48:29,DELIVERED,102
O000285,C0309,2025-05-05 10:03:06,CANCELLED,101
O000286,C0354,2025-11-16 08:49:03,CANCELLED,102
O000287,C0229,2026-03-16 18:07:09,PLACED,103
O000288,C0446,2024-12-30 08:43:47,DELIVERED,103
O000289,C0223,2025-12-19 23:04:40,DELIVERED,103
O000290,C0406,2026-01-07 19:22:31,PLACED,101
O000291,C0344,2025-01-06 18:42:50,CANCELLED,102
O000292,C0263,2026-03-25 16:35:42,SHIPPED,101
O000293,C0074,2025-03-14 10:09:08,RETURNED,103
O000294,C0401,2025-05-28 12:40:58,CANCELLED,101
O000295,C0065,2025-04-12 10:41:49,PLACED,101
O000296,C0399,2025-08-17 08:50:31,DELIVERED,102
O000297,C0197,2025-09-01 05:46:51,RETURNED,101
O000298,C0310,2024-07-19 17:45:32,SHIPPED,103
O000299,C0231,2026-01-07 12:42:36,DELIVERED,102
O000300,C0228,2026-04-19 13:24:36,PLACED,103
O000301,C0071,2025-02-01 17:41:58,RETURNED,102
O000302,C0204,2025-01-21 00:21:46,DELIVERED,103
O000303,C0143,2025-02-20 07:58:17,SHIPPED,101
O000304,C0014,2024-09-22 10:19:37,SHIPPED,102
O000305,C0266,2025-05-18 01:06:41,CANCELLED,103
O000306,C0061,2025-12-17 11:08:41,DELIVERED,102
O000307,C0361,2026-02-13 18:55:40,CANCELLED,101
O000308,C0314,2026-04-10 22:26:49,DELIVERED,103
O000309,C0470,2025-04-03 19:42:53,CANCELLED,101
O000310,C0063,2024-09-09 05:47:07,SHIPPED,101
O000311,C0232,2025-09-15 22:05:41,SHIPPED,103
O000312,C0228,2026-07-05 14:59:23,PLACED,103
O000313,C0496,2024-11-27 19:43:15,DELIVERED,103
O000314,C0178,2025-07-17 08:08:35,PLACED,103
O000315,C0278,2025-03-12 23:31:05,DELIVERED,102
O000316,C0436,2025-04-12 18:55:48,SHIPPED,103
O000317,C0364,2024-12-28 22:52:24,SHIPPED,102
O000318,C0261,2026-06-06 19:46:07,SHIPPED,101
O000319,C0103,2025-09-30 19:17:02,SHIPPED,101
O000320,C0405,2025-02-06 04:26:30,CANCELLED,101
O000321,C0185,2024-12-01 03:51:16,RETURNED,103
O000322,C0189,2026-02-11 17:51:58,CANCELLED,103
O000323,C0067,2025-12-24 18:32:55,RETURNED,101
O000324,C0034,2026-07-04 17:43:13,DELIVERED,102
O000325,C0368,2026-06-18 22:46:58,CANCELLED,103
O000326,C0211,2024-12-06 21:29:04,CANCELLED,103
O000327,C0038,2025-08-03 18:31:38,SHIPPED,102
O000328,C0329,2026-02-04 17:16:25,PLACED,102
O000329,C0239,2024-12-14 06:33:34,RETURNED,102
O000330,C0066,2025-01-10 14:38:19,RETURNED,103
O000331,C0301,2026-02-03 09:53:49,SHIPPED,101
O000332,C0222,2025-01-16 04:45:57,RETURNED,101
O000333,C0426,2026-05-21 01:36:17,PLACED,103
O000334,C0079,2025-02-03 08:01:13,DELIVERED,101
O000335,C0083,2024-12-19 19:08:19,DELIVERED,103
O000336,C0116,2025-01-06 05:14:37,DELIVERED,103
O000337,C0459,2024-12-16 16:20:53,DELIVERED,101
O000338,C0129,2026-04-21 16:55:27,SHIPPED,103
O000339,C0490,2025-01-22 03:09:56,RETURNED,102
O000340,C0065,2026-04-22 18:54:52,DELIVERED,103
O000341,C0274,2025-11-04 15:59:15,PLACED,103
O000342,C0329,2025-04-14 17:20:12,SHIPPED,103
O000343,C0483,2024-11-10 08:28:25,RETURNED,101
O000344,C0088,2026-03-09 04:58:16,RETURNED,103
O000345,C0462,2024-10-03 01:20:17,RETURNED,102
O000346,C0432,2024-10-13 07:12:09,RETURNED,101
O000347,C0423,2026-06-26 22:03:20,PLACED,101
O000348,C0024,2024-09-11 03:37:11,RETURNED,102
O000349,C0334,2025-12-19 02:33:23,SHIPPED,103
O000350,C0214,2025-12-09 11:37:36,RETURNED,103
O000351,C0016,2025-07-29 20:26:39,CANCELLED,103
O000352,C0280,2025-10-31 23:04:11,DELIVERED,103
O000353,C0490,2024-07-17 07:58:47,DELIVERED,102
O000354,C0126,2026-02-25 19:03:00,CANCELLED,102
O000355,C0233,2026-05-08 21:48:31,PLACED,103
O000356,C0031,2025-09-05 18:18:41,SHIPPED,102
O000357,C0213,2024-08-14 00:20:50,CANCELLED,102
O000358,C0105,2026-05-01 20:34:07,DELIVERED,103
O000359,C0074,2025-07-21 19:04:53,DELIVERED,103
O000360,C0164,2025-04-26 12:06:37,DELIVERED,102
O000361,C0067,2025-11-06 06:35:09,DELIVERED,103
O000362,C0288,2025-03-14 04:18:10,PLACED,102
O000363,C0124,2025-07-29 14:23:43,CANCELLED,101
O000364,C0137,2026-06-09 18:41:53,CANCELLED,101
O000365,C0073,2026-05-27 11:17:53,PLACED,101
O000366,C0149,2026-06-08 21:47:35,CANCELLED,103
O000367,C0215,2025-10-01 10:19:22,SHIPPED,101
O000368,C0417,2026-05-17 23:31:49,DELIVERED,103
O000369,C0370,2025-02-10 13:54:01,DELIVERED,101
O000370,C0391,2025-07-28 09:46:49,SHIPPED,102
O000371,C0264,2024-12-01 05:29:02,CANCELLED,102
O000372,C0451,2026-02-25 19:23:16,DELIVERED,102
O000373,C0012,2026-06-23 16:06:37,PLACED,102
O000374,C0259,2025-08-13 04:43:37,CANCELLED,101
O000375,C0111,2025-02-14 21:03:14,RETURNED,102
O000376,C0025,2025-05-17 05:31:01,PLACED,102
O000377,C0254,2024-12-31 16:36:54,RETURNED,103
O000378,C0345,2026-02-14 20:40:35,CANCELLED,102
O000379,C0275,2025-10-03 02:19:25,PLACED,101
O000380,C0221,2024-10-19 19:11:00,SHIPPED,102
O000381,C0373,2024-08-23 05:54:02,DELIVERED,102
O000382,C0188,2025-08-24 12:55:28,PLACED,102
O000383,C0027,2026-03-24 23:58:36,RETURNED,103
O000384,C0100,2025-06-05 21:04:31,DELIVERED,103
O000385,C0148,2025-07-18 17:02:16,PLACED,102
O000386,C0259,2026-07-12 00:56:00,CANCELLED,103
O000387,C0144,2025-09-05 05:09:02,RETURNED,103
O000388,C0313,2024-08-06 11:31:02,PLACED,101
O000389,C0500,2025-08-06 11:19:20,PLACED,102
O000390,C0192,2025-04-07 22:26:27,DELIVERED,103
O000391,C0481,2025-05-13 23:55:15,DELIVERED,101
O000392,C0102,2026-05-11 11:31:35,RETURNED,103
O000393,C0206,2025-12-27 06:47:06,RETURNED,101
O000394,C0024,2026-03-06 20:24:13,PLACED,101
O000395,C0366,2024-11-24 23:01:13,DELIVERED,102
O000396,C0266,2025-07-02 07:15:26,CANCELLED,101
O000397,C0311,2024-10-13 16:19:51,RETURNED,101
O000398,C0168,2026-01-05 12:43:39,RETURNED,102
O000399,C0084,2025-08-18 16:32:58,CANCELLED,103
O000400,C0379,2025-07-04 12:50:34,DELIVERED,103
O000401,C0173,2025-03-14 08:40:17,RETURNED,103
O000402,C0273,2025-12-29 12:19:17,CANCELLED,103
O000403,C0289,2024-07-18 17:26:23,DELIVERED,102
O000404,C0418,2024-07-21 08:50:45,PLACED,102
O000405,C0170,2025-12-17 18:41:50,PLACED,102
O000406,C0299,2024-12-22 21:12:53,DELIVERED,103
O000407,C0447,2025-05-02 21:33:22,PLACED,103
O000408,C0243,2025-10-06 11:17:01,DELIVERED,103
O000409,C0401,2024-09-28 10:34:52,RETURNED,103
O000410,C0117,2025-03-21 23:04:33,PLACED,103
O000411,C0246,2025-04-19 01:15:41,SHIPPED,103
O000412,C0323,2025-10-31 03:31:01,RETURNED,102
O000413,C0076,2026-05-12 14:24:19,SHIPPED,101
O000414,C0294,2025-01-29 21:40:43,PLACED,101
O000415,C0010,2024-12-04 13:16:47,CANCELLED,102
O000416,C0215,2025-09-11 06:28:06,SHIPPED,102
O000417,C0354,2025-02-01 08:22:00,SHIPPED,102
O000418,C0257,2025-01-12 09:05:59,RETURNED,102
O000419,C0447,2025-02-06 10:38:20,PLACED,103
O000420,C0071,2025-07-13 07:01:11,RETURNED,101
O000421,C0288,2025-10-31 09:13:13,DELIVERED,103
O000422,C0245,2025-04-04 16:17:13,RETURNED,102
O000423,C0161,2025-04-22 09:49:34,SHIPPED,102
O000424,C0468,2024-12-02 00:54:17,RETURNED,102
O000425,C0280,2025-08-03 14:15:09,DELIVERED,103
O000426,C0396,2025-06-06 11:22:25,DELIVERED,103
O000427,C0248,2024-12-22 17:06:55,SHIPPED,101
O000428,C0143,2025-06-02 16:57:51,RETURNED,102
O000429,C0116,2026-01-07 10:44:08,DELIVERED,102
O000430,C0361,2026-02-16 10:27:03,SHIPPED,103
O000431,C0361,2025-04-27 08:51:36,CANCELLED,102
O000432,C0246,2025-04-21 18:03:08,DELIVERED,103
O000433,C0479,2026-05-06 18:17:53,DELIVERED,102
O000434,C0063,2025-05-19 08:05:34,RETURNED,103
O000435,C0279,2025-02-14 09:10:40,CANCELLED,102
O000436,C0420,2025-06-27 06:42:10,DELIVERED,101
O000437,C0149,2024-11-28 21:53:01,PLACED,102
O000438,C0490,2025-09-29 00:21:17,PLACED,102
O000439,C0474,2024-10-22 01:07:00,CANCELLED,103
O000440,C0132,2025-10-02 11:55:26,CANCELLED,101
O000441,C0104,2025-12-27 00:41:40,RETURNED,102
O000442,C0478,2025-01-05 17:17:54,RETURNED,103
O000443,C0140,2026-04-05 14:07:10,SHIPPED,101
O000444,C0316,2024-09-27 18:12:44,RETURNED,101
O000445,C0125,2026-01-23 01:28:46,PLACED,103
O000446,C0464,2025-02-06 20:43:17,RETURNED,101
O000447,C0327,2026-03-28 17:47:04,SHIPPED,101
O000448,C0052,2025-01-11 08:13:57,CANCELLED,102
O000449,C0368,2025-09-16 12:47:39,CANCELLED,101
O000450,C0349,2025-06-12 21:38:49,SHIPPED,101
O000451,C0494,2026-05-08 07:15:26,RETURNED,101
O000452,C0209,2025-05-04 00:41:11,CANCELLED,102
O000453,C0334,2024-12-11 11:23:19,SHIPPED,102
O000454,C0165,2024-11-02 11:13:47,DELIVERED,103
O000455,C0031,2026-03-25 14:17:04,PLACED,103
O000456,C0294,2026-02-05 19:55:35,SHIPPED,103
O000457,C0379,2024-11-05 08:17:00,PLACED,101
O000458,C0214,2025-07-14 13:37:21,SHIPPED,101
O000459,C0429,2026-03-29 23:15:08,CANCELLED,102
O000460,C0096,2024-07-19 18:06:54,DELIVERED,101
O000461,C0005,2024-11-26 08:42:13,DELIVERED,103
O000462,C0309,2025-06-04 14:13:13,PLACED,102
O000463,C0146,2025-08-04 05:41:02,CANCELLED,103
O000464,C0279,2024-10-24 15:14:21,RETURNED,102
O000465,C0456,2026-06-06 00:16:22,SHIPPED,103
O000466,C0240,2026-05-02 22:16:52,DELIVERED,101
O000467,C0415,2025-11-14 00:42:38,PLACED,102
O000468,C0084,2025-08-17 18:12:50,CANCELLED,103
O000469,C0132,2025-08-30 22:39:44,SHIPPED,101
O000470,C0378,2026-01-22 20:43:25,DELIVERED,102
O000471,C0291,2025-03-14 10:05:16,SHIPPED,101
O000472,C0313,2026-03-14 04:10:21,CANCELLED,102
O000473,C0264,2025-07-25 03:45:48,DELIVERED,101
O000474,C0206,2025-03-02 05:32:53,PLACED,101
O000475,C0072,2025-01-23 03:00:02,CANCELLED,102
O000476,C0480,2025-09-21 19:31:32,SHIPPED,101
O000477,C0134,2026-05-10 00:08:32,CANCELLED,101
O000478,C0229,2025-09-26 05:42:29,DELIVERED,102
O000479,C0155,2024-08-18 05:52:17,RETURNED,103
O000480,C0294,2025-05-17 15:15:19,PLACED,102
O000481,C0335,2024-09-27 01:31:46,DELIVERED,103
O000482,C0121,2025-12-30 13:09:48,PLACED,103
O000483,C0061,2024-11-16 01:25:08,CANCELLED,102
O000484,C0082,2024-08-27 19:39:53,CANCELLED,103
O000485,C0258,2024-12-26 13:06:27,DELIVERED,103
O000486,C0061,2026-04-05 07:10:26,DELIVERED,102
O000487,C0315,2025-01-25 16:48:31,SHIPPED,101
O000488,C0491,2025-07-17 07:50:39,SHIPPED,102
O000489,C0079,2026-04-24 20:04:18,CANCELLED,103
O000490,C0311,2025-11-13 09:59:17,DELIVERED,102
O000491,C0360,2024-09-24 23:42:10,RETURNED,102
O000492,C0388,2025-06-26 14:24:25,RETURNED,103
O000493,C0423,2026-02-10 12:43:45,SHIPPED,101
O000494,C0349,2025-03-29 02:57:20,RETURNED,101
O000495,C0270,2025-01-29 22:57:10,CANCELLED,103
O000496,C0361,2025-04-18 13:19:31,DELIVERED,101
O000497,C0470,2025-04-18 01:06:25,RETURNED,101
O000498,C0032,2025-09-20 10:11:14,RETURNED,103
O000499,C0104,2025-09-18 04:54:00,RETURNED,103
O000500,C0077,2026-07-05 23:20:50,SHIPPED,102
O000501,C0438,2026-04-02 08:17:45,RETURNED,102
O000502,C0060,2025-01-28 08:39:29,SHIPPED,103
O000503,C0299,2025-04-05 11:44:43,CANCELLED,101
O000504,C0461,2024-07-27 14:15:46,RETURNED,102
O000505,C0415,2025-05-28 00:17:06,PLACED,102
O000506,C0068,2024-10-14 08:32:10,RETURNED,102
O000507,C0234,2025-04-10 21:18:23,RETURNED,101
O000508,C0287,2026-05-16 21:25:40,CANCELLED,103
O000509,C0414,2025-12-22 00:54:14,DELIVERED,103
O000510,C0012,2025-10-25 13:15:39,CANCELLED,102
O000511,C0419,2024-12-13 17:21:12,PLACED,103
O000512,C0112,2025-10-03 05:50:20,RETURNED,101
O000513,C0024,2025-10-02 11:57:22,CANCELLED,102
O000514,C0359,2025-11-28 22:52:34,PLACED,103
O000515,C0031,2025-11-28 09:11:00,PLACED,102
O000516,C0017,2025-09-03 09:43:19,DELIVERED,102
O000517,C0093,2024-11-24 18:08:42,SHIPPED,103
O000518,C0374,2026-03-10 06:31:17,CANCELLED,102
O000519,C0457,2025-02-18 05:59:48,CANCELLED,102
O000520,C0446,2025-04-14 00:13:04,CANCELLED,102
O000521,C0042,2025-03-21 16:37:39,RETURNED,101
O000522,C0335,2025-12-17 01:43:46,DELIVERED,101
O000523,C0092,2025-08-12 15:52:52,RETURNED,102
O000524,C0271,2025-07-25 20:02:51,SHIPPED,103
O000525,C0115,2026-03-05 22:47:14,PLACED,101
O000526,C0153,2026-02-04 06:20:54,CANCELLED,103
O000527,C0369,2025-06-24 07:53:12,RETURNED,102
O000528,C0273,2026-06-03 04:27:23,CANCELLED,101
O000529,C0127,2024-09-11 02:07:39,CANCELLED,102
O000530,C0080,2025-05-04 04:11:01,DELIVERED,101
O000531,C0480,2025-10-31 20:01:38,PLACED,101
O000532,C0415,2025-02-19 17:41:31,CANCELLED,103
O000533,C0393,2025-07-07 09:28:15,PLACED,101
O000534,C0106,2025-11-14 20:28:27,PLACED,101
O000535,C0305,2024-11-01 16:40:27,PLACED,102
O000536,C0307,2026-05-17 14:00:04,PLACED,101
O000537,C0380,2024-11-19 08:20:23,PLACED,102
O000538,C0225,2025-11-21 17:47:39,SHIPPED,103
O000539,C0112,2026-03-31 13:26:39,PLACED,101
O000540,C0258,2026-07-03 10:14:34,DELIVERED,101
O000541,C0418,2025-03-31 05:52:46,RETURNED,102
O000542,C0296,2025-06-04 19:44:05,RETURNED,103
O000543,C0420,2025-11-14 12:17:41,DELIVERED,101
O000544,C0155,2025-10-30 18:47:37,SHIPPED,103
O000545,C0267,2025-09-29 04:36:08,SHIPPED,102
O000546,C0154,2025-05-22 14:00:57,DELIVERED,101
O000547,C0286,2026-05-02 13:09:46,RETURNED,103
O000548,C0467,2026-06-16 17:34:22,SHIPPED,103
O000549,C0348,2024-09-05 14:27:20,CANCELLED,103
O000550,C0254,2024-09-11 15:15:31,PLACED,102
O000551,C0483,2024-11-15 00:23:41,CANCELLED,103
O000552,C0164,2025-04-05 02:08:56,CANCELLED,102
O000553,C0077,2025-01-05 10:47:46,DELIVERED,102
O000554,C0095,2025-03-12 16:14:05,RETURNED,102
O000555,C0124,2025-03-15 07:32:38,SHIPPED,102
O000556,C0440,2025-12-01 09:33:07,SHIPPED,102
O000557,C0469,2025-02-23 11:46:53,PLACED,103
O000558,C0212,2026-01-14 23:56:44,CANCELLED,103
O000559,C0272,2025-02-04 22:33:08,SHIPPED,102
O000560,C0125,2025-10-25 09:41:57,DELIVERED,101
O000561,C0170,2025-11-24 21:32:46,PLACED,102
O000562,C0434,2025-05-15 08:19:37,DELIVERED,101
O000563,C0275,2025-02-07 20:56:11,SHIPPED,101
O000564,C0138,2026-06-01 16:16:48,CANCELLED,103
O000565,C0310,2025-06-22 18:00:45,RETURNED,101
O000566,C0448,2026-03-10 18:55:00,PLACED,101
O000567,C0412,2026-05-13 08:23:02,RETURNED,103
O000568,C0344,2026-07-11 08:26:37,RETURNED,101
O000569,C0246,2025-04-20 06:23:19,SHIPPED,102
O000570,C0156,2026-02-13 02:17:17,PLACED,101
O000571,C0480,2025-10-11 01:28:59,SHIPPED,103
O000572,C0061,2025-08-20 19:27:02,CANCELLED,101
O000573,C0357,2025-06-26 22:29:40,RETURNED,103
O000574,C0105,2025-05-29 17:49:15,CANCELLED,101
O000575,C0283,2024-11-19 03:32:28,DELIVERED,102
O000576,C0195,2024-12-02 00:23:33,CANCELLED,103
O000577,C0333,2026-05-06 16:10:06,DELIVERED,102
O000578,C0134,2024-07-30 03:08:28,DELIVERED,103
O000579,C0452,2024-10-17 07:25:06,CANCELLED,102
O000580,C0051,2026-01-28 11:10:00,CANCELLED,102
O000581,C0469,2025-01-10 10:16:24,SHIPPED,102
O000582,C0161,2025-12-08 09:30:01,CANCELLED,101
O000583,C0289,2025-01-23 15:32:44,SHIPPED,103
O000584,C0075,2026-07-12 15:31:41,PLACED,102
O000585,C0284,2026-02-09 23:20:49,RETURNED,103
O000586,C0369,2026-01-07 10:26:34,CANCELLED,102
O000587,C0079,2026-02-14 12:40:02,SHIPPED,102
O000588,C0118,2024-09-12 09:01:13,CANCELLED,103
O000589,C0427,2024-12-22 17:50:33,SHIPPED,102
O000590,C0282,2024-11-18 19:56:31,DELIVERED,102
O000591,C0391,2025-05-16 13:58:18,CANCELLED,103
O000592,C0329,2024-09-30 04:44:18,CANCELLED,102
O000593,C0087,2024-09-24 09:45:21,DELIVERED,101
O000594,C0072,2024-08-30 17:40:55,RETURNED,102
O000595,C0095,2026-07-09 19:36:18,RETURNED,103
O000596,C0491,2026-05-25 16:29:33,PLACED,103
O000597,C0018,2025-07-14 17:19:41,PLACED,103
O000598,C0025,2025-09-11 04:03:05,PLACED,102
O000599,C0071,2024-08-22 23:53:04,SHIPPED,101
O000600,C0363,2024-08-01 15:58:59,SHIPPED,101
O000601,C0112,2026-03-02 23:45:05,RETURNED,102
O000602,C0192,2025-05-16 13:21:19,PLACED,103
O000603,C0327,2025-08-23 04:15:09,RETURNED,102
O000604,C0338,2026-02-26 09:04:17,CANCELLED,101
O000605,C0004,2024-09-14 20:25:13,RETURNED,103
O000606,C0211,2024-09-30 21:52:17,PLACED,101
O000607,C0272,2025-02-01 00:58:13,DELIVERED,103
O000608,C0147,2025-11-04 06:45:54,PLACED,103
O000609,C0417,2024-11-09 19:01:46,CANCELLED,101
O000610,C0055,2024-09-15 16:10:53,PLACED,103
O000611,C0077,2025-12-02 19:28:16,SHIPPED,101
O000612,C0318,2026-07-05 18:35:38,RETURNED,102
O000613,C0418,2026-05-30 22:53:14,DELIVERED,102
O000614,C0408,2025-05-10 23:45:56,CANCELLED,101
O000615,C0192,2025-03-09 11:35:33,CANCELLED,102
O000616,C0290,2025-01-06 08:00:37,SHIPPED,103
O000617,C0116,2025-01-20 08:18:39,DELIVERED,103
O000618,C0424,2026-02-05 02:14:23,PLACED,103
O000619,C0440,2025-02-17 21:55:00,PLACED,101
O000620,C0208,2025-06-21 09:36:52,CANCELLED,102
O000621,C0283,2025-11-10 18:57:07,CANCELLED,101
O000622,C0327,2024-10-18 08:59:26,PLACED,103
O000623,C0088,2024-10-22 03:41:17,PLACED,102
O000624,C0433,2025-08-25 07:41:39,CANCELLED,103
O000625,C0402,2026-04-24 11:36:35,DELIVERED,103
O000626,C0440,2024-11-21 16:52:08,PLACED,103
O000627,C0471,2024-08-03 09:06:47,PLACED,101
O000628,C0109,2024-08-08 11:50:30,RETURNED,102
O000629,C0139,2025-12-09 13:57:28,PLACED,101
O000630,C0351,2025-04-15 08:30:30,DELIVERED,103
O000631,C0289,2026-05-11 10:56:33,PLACED,101
O000632,C0476,2026-06-23 02:25:10,DELIVERED,101
O000633,C0493,2025-03-21 18:41:50,SHIPPED,103
O000634,C0074,2026-05-14 11:07:41,CANCELLED,101
O000635,C0154,2025-07-17 00:40:23,SHIPPED,103
O000636,C0124,2025-07-10 01:37:23,RETURNED,102
O000637,C0347,2026-05-19 15:13:33,RETURNED,102
O000638,C0197,2025-09-05 01:43:28,SHIPPED,103
O000639,C0371,2026-07-08 07:30:49,PLACED,103
O000640,C0382,2025-02-08 18:40:42,DELIVERED,101
O000641,C0051,2025-09-11 06:07:50,CANCELLED,101
O000642,C0430,2025-06-22 17:00:58,PLACED,102
O000643,C0310,2024-10-25 03:13:47,RETURNED,103
O000644,C0204,2026-01-05 01:08:18,DELIVERED,101
O000645,C0325,2025-09-04 01:33:16,DELIVERED,102
O000646,C0252,2024-11-26 16:42:27,SHIPPED,102
O000647,C0284,2025-10-14 02:23:32,CANCELLED,102
O000648,C0096,2025-10-19 08:16:56,RETURNED,103
O000649,C0195,2025-07-01 19:05:30,PLACED,103
O000650,C0152,2025-11-14 08:05:02,SHIPPED,103
O000651,C0038,2026-02-13 21:13:46,PLACED,102
O000652,C0079,2025-11-18 01:37:47,CANCELLED,103
O000653,C0402,2026-05-24 14:26:44,SHIPPED,103
O000654,C0200,2025-09-23 05:56:18,DELIVERED,102
O000655,C0055,2025-06-15 01:04:17,PLACED,101
O000656,C0483,2025-08-22 18:30:12,DELIVERED,102
O000657,C0185,2025-11-21 02:59:25,DELIVERED,101
O000658,C0068,2025-11-20 22:10:34,PLACED,101
O000659,C0221,2025-08-30 18:57:46,CANCELLED,103
O000660,C0285,2025-03-09 17:00:39,RETURNED,102
O000661,C0053,2026-06-18 04:03:40,PLACED,101
O000662,C0182,2025-04-07 20:11:30,RETURNED,101
O000663,C0306,2025-07-21 07:08:37,RETURNED,102
O000664,C0443,2025-09-04 08:38:54,CANCELLED,101
O000665,C0150,2025-01-04 14:29:11,CANCELLED,102
O000666,C0399,2026-03-29 05:20:44,PLACED,103
O000667,C0462,2024-09-19 17:54:48,RETURNED,101
O000668,C0293,2025-06-20 09:22:43,RETURNED,101
O000669,C0351,2025-03-08 07:35:04,CANCELLED,101
O000670,C0072,2025-04-22 07:12:03,DELIVERED,102
O000671,C0138,2025-05-28 08:32:29,CANCELLED,101
O000672,C0033,2025-01-29 23:39:35,SHIPPED,102
O000673,C0142,2024-11-10 03:17:27,CANCELLED,102
O000674,C0248,2025-03-04 23:30:53,PLACED,102
O000675,C0129,2024-07-20 09:16:49,SHIPPED,103
O000676,C0321,2024-07-12 06:13:37,CANCELLED,103
O000677,C0316,2025-08-22 15:49:38,SHIPPED,102
O000678,C0055,2026-04-06 12:17:11,SHIPPED,102
O000679,C0004,2026-02-21 04:07:11,CANCELLED,102
O000680,C0431,2026-05-01 19:22:25,RETURNED,102
O000681,C0412,2024-10-26 01:19:48,DELIVERED,102
O000682,C0172,2025-04-05 06:59:06,CANCELLED,103
O000683,C0499,2025-02-19 22:08:28,RETURNED,101
O000684,C0154,2025-07-11 14:59:21,DELIVERED,103
O000685,C0486,2025-08-31 19:28:18,SHIPPED,102
O000686,C0161,2024-07-18 15:32:51,SHIPPED,102
O000687,C0496,2025-12-28 09:28:00,DELIVERED,102
O000688,C0377,2026-06-28 09:28:44,CANCELLED,103
O000689,C0401,2025-07-29 06:46:34,SHIPPED,102
O000690,C0193,2026-02-18 23:32:14,DELIVERED,102
O000691,C0187,2025-07-17 17:40:49,PLACED,103
O000692,C0103,2025-03-01 21:39:01,RETURNED,103
O000693,C0093,2024-07-19 06:44:58,RETURNED,101
O000694,C0488,2026-02-27 01:20:32,CANCELLED,103
O000695,C0108,2025-06-11 12:24:04,CANCELLED,102
O000696,C0426,2026-03-23 23:38:49,PLACED,102
O000697,C0345,2025-02-24 16:58:43,CANCELLED,101
O000698,C0325,2025-10-18 21:27:43,DELIVERED,101
O000699,C0130,2025-01-07 18:40:22,SHIPPED,103
O000700,C0217,2026-03-23 01:19:34,CANCELLED,101
O000701,C0230,2024-07-17 19:03:30,RETURNED,102
O000702,C0299,2025-09-10 23:55:17,CANCELLED,103
O000703,C0260,2025-04-28 09:43:56,CANCELLED,103
O000704,C0019,2024-12-05 15:43:24,DELIVERED,103
O000705,C0459,2025-05-27 23:49:06,RETURNED,103
O000706,C0327,2026-05-28 09:11:54,PLACED,101
O000707,C0394,2025-09-20 13:59:46,SHIPPED,103
O000708,C0341,2025-06-16 16:45:31,DELIVERED,101
O000709,C0332,2025-05-14 19:13:03,RETURNED,101
O000710,C0289,2025-01-22 06:54:24,CANCELLED,102
O000711,C0495,2024-11-16 00:04:10,CANCELLED,101
O000712,C0006,2026-01-18 11:54:55,PLACED,102
O000713,C0114,2026-02-04 17:22:41,RETURNED,103
O000714,C0266,2025-11-25 22:38:48,RETURNED,103
O000715,C0353,2025-05-10 21:28:25,RETURNED,101
O000716,C0229,2026-04-16 15:30:05,DELIVERED,102
O000717,C0238,2025-05-02 01:36:39,RETURNED,103
O000718,C0257,2024-12-30 12:38:47,SHIPPED,102
O000719,C0013,2025-02-01 10:48:47,CANCELLED,101
O000720,C0152,2024-09-11 17:04:55,CANCELLED,101
O000721,C0060,2025-06-05 03:37:05,SHIPPED,102
O000722,C0160,2025-11-09 21:22:17,DELIVERED,102
O000723,C0402,2025-01-14 06:15:41,SHIPPED,103
O000724,C0248,2025-08-17 10:48:54,DELIVERED,102
O000725,C0050,2026-02-26 00:31:56,CANCELLED,103
O000726,C0357,2026-03-25 12:49:24,CANCELLED,102
O000727,C0035,2026-06-18 23:17:06,DELIVERED,101
O000728,C0415,2025-10-31 11:41:03,PLACED,101
O000729,C0435,2026-03-31 10:47:36,DELIVERED,103
O000730,C0056,2026-01-02 04:11:48,SHIPPED,103
O000731,C0125,2025-12-25 23:07:32,RETURNED,101
O000732,C0283,2025-02-08 08:26:19,SHIPPED,102
O000733,C0287,2025-02-18 07:16:00,CANCELLED,102
O000734,C0119,2025-11-27 20:37:15,CANCELLED,103
O000735,C0095,2026-02-09 05:39:59,SHIPPED,103
O000736,C0337,2025-08-29 08:39:55,CANCELLED,102
O000737,C0015,2026-04-01 09:47:29,RETURNED,101
O000738,C0231,2025-02-05 23:42:40,RETURNED,102
O000739,C0200,2025-05-28 21:35:30,PLACED,103
O000740,C0110,2024-12-05 05:05:28,SHIPPED,102
O000741,C0386,2026-05-06 02:33:49,PLACED,103
O000742,C0053,2024-09-03 08:45:58,RETURNED,101
O000743,C0188,2024-11-30 20:49:18,DELIVERED,101
O000744,C0235,2024-10-26 07:21:43,PLACED,102
O000745,C0344,2025-02-22 02:57:11,CANCELLED,103
O000746,C0495,2024-10-05 21:41:49,DELIVERED,103
O000747,C0199,2025-11-18 21:02:46,RETURNED,102
O000748,C0301,2025-06-30 20:42:52,PLACED,102
O000749,C0181,2025-11-03 23:48:59,CANCELLED,103
O000750,C0089,2025-06-28 20:41:54,DELIVERED,103
O000751,C0303,2025-02-08 13:27:12,PLACED,103
O000752,C0069,2026-01-07 06:15:40,DELIVERED,101
O000753,C0123,2025-11-07 21:28:38,DELIVERED,101
O000754,C0094,2025-07-29 07:58:33,DELIVERED,103
O000755,C0073,2024-12-05 01:09:16,RETURNED,102
O000756,C0215,2025-03-18 05:44:16,RETURNED,101
O000757,C0295,2024-07-27 06:03:43,CANCELLED,102
O000758,C0096,2024-11-07 08:46:27,CANCELLED,103
O000759,C0276,2024-08-19 17:42:51,SHIPPED,103
O000760,C0086,2025-08-31 17:04:59,CANCELLED,102
O000761,C0072,2024-07-29 09:03:18,SHIPPED,102
O000762,C0432,2024-12-03 14:38:00,CANCELLED,103
O000763,C0028,2024-09-29 15:01:17,DELIVERED,101
O000764,C0249,2025-02-16 07:30:06,SHIPPED,101
O000765,C0418,2025-02-06 06:39:59,CANCELLED,103
O000766,C0259,2024-10-17 07:24:18,CANCELLED,102
O000767,C0351,2026-01-18 16:43:27,CANCELLED,102
O000768,C0364,2025-06-17 17:11:02,CANCELLED,102
O000769,C0086,2026-01-27 22:45:49,PLACED,103
O000770,C0016,2024-07-18 13:26:27,SHIPPED,102
O000771,C0017,2025-01-09 00:24:28,DELIVERED,101
O000772,C0276,2024-09-20 05:53:57,DELIVERED,101
O000773,C0400,2024-11-06 05:27:11,CANCELLED,103
O000774,C0381,2024-07-23 14:59:47,CANCELLED,103
O000775,C0262,2025-07-30 13:29:43,PLACED,103
O000776,C0059,2024-12-27 21:11:05,DELIVERED,103
O000777,C0422,2025-04-03 18:13:23,DELIVERED,103
O000778,C0422,2025-06-03 14:24:12,PLACED,103
O000779,C0226,2025-03-11 04:42:57,RETURNED,101
O000780,C0218,2026-03-14 11:29:14,PLACED,103
O000781,C0425,2026-03-25 03:33:50,SHIPPED,102
O000782,C0448,2025-08-03 07:16:32,PLACED,102
O000783,C0135,2025-04-26 15:50:56,DELIVERED,101
O000784,C0225,2025-07-07 08:12:37,PLACED,101
O000785,C0108,2026-01-04 12:18:42,RETURNED,103
O000786,C0180,2026-03-18 21:43:53,RETURNED,103
O000787,C0220,2024-08-05 20:07:42,SHIPPED,103
O000788,C0072,2025-03-25 16:47:11,SHIPPED,101
O000789,C0413,2024-09-12 11:58:20,PLACED,103
O000790,C0180,2026-04-28 09:20:53,RETURNED,102
O000791,C0306,2026-02-15 04:08:11,RETURNED,101
O000792,C0166,2024-11-02 15:46:48,DELIVERED,102
O000793,C0294,2024-08-24 17:08:09,DELIVERED,103
O000794,C0461,2025-02-04 04:29:32,PLACED,101
O000795,C0493,2026-03-06 15:43:25,CANCELLED,101
O000796,C0142,2025-05-12 23:46:39,SHIPPED,103
O000797,C0444,2024-09-05 15:12:46,SHIPPED,101
O000798,C0075,2025-09-07 02:20:15,DELIVERED,101
O000799,C0390,2025-07-12 08:40:37,CANCELLED,102
O000800,C0073,2024-11-30 05:50:41,RETURNED,103
O000801,C0138,2024-12-08 11:13:47,CANCELLED,102
O000802,C0232,2026-06-07 21:32:41,PLACED,103
O000803,C0407,2026-04-26 19:56:06,PLACED,102
O000804,C0264,2025-01-22 10:19:29,DELIVERED,103
O000805,C0480,2026-04-07 23:09:48,DELIVERED,102
O000806,C0487,2025-05-04 13:37:27,CANCELLED,102
O000807,C0298,2026-04-16 12:14:35,PLACED,103
O000808,C0048,2024-07-21 23:40:32,CANCELLED,103
O000809,C0341,2024-10-14 22:02:02,DELIVERED,101
O000810,C0408,2026-02-28 19:46:44,RETURNED,102
O000811,C0112,2026-01-18 07:09:13,CANCELLED,101
O000812,C0254,2025-01-21 13:30:02,DELIVERED,102
O000813,C0425,2025-05-07 01:39:30,DELIVERED,102
O000814,C0281,2026-03-03 05:11:16,RETURNED,101
O000815,C0290,2025-06-21 05:53:46,CANCELLED,102
O000816,C0458,2025-01-20 03:56:34,PLACED,101
O000817,C0051,2026-02-05 02:43:14,CANCELLED,101
O000818,C0064,2024-08-07 05:10:58,SHIPPED,102
O000819,C0234,2024-12-13 21:29:16,PLACED,102
O000820,C0104,2025-07-05 03:05:09,SHIPPED,103
O000821,C0155,2026-02-03 07:54:57,SHIPPED,102
O000822,C0048,2026-03-03 00:54:44,DELIVERED,102
O000823,C0043,2024-09-23 04:03:10,DELIVERED,103
O000824,C0463,2025-08-20 23:14:35,SHIPPED,101
O000825,C0203,2025-12-11 11:47:33,DELIVERED,103
O000826,C0359,2024-12-21 02:14:31,SHIPPED,102
O000827,C0336,2025-07-14 10:36:46,PLACED,103
O000828,C0049,2025-05-10 10:17:00,PLACED,101
O000829,C0245,2025-12-23 11:30:40,PLACED,101
O000830,C0304,2025-03-11 14:38:45,SHIPPED,103
O000831,C0349,2026-07-09 08:49:22,CANCELLED,101
O000832,C0005,2025-03-20 02:50:24,DELIVERED,101
O000833,C0441,2024-11-12 09:14:14,CANCELLED,103
O000834,C0068,2025-11-12 20:58:39,CANCELLED,101
O000835,C0118,2026-01-28 19:49:44,CANCELLED,101
O000836,C0375,2024-08-13 22:54:29,PLACED,101
O000837,C0161,2026-02-10 15:10:41,DELIVERED,102
O000838,C0071,2026-07-10 07:17:54,CANCELLED,101
O000839,C0329,2025-09-12 01:25:06,SHIPPED,101
O000840,C0272,2025-08-20 19:16:30,RETURNED,101
O000841,C0313,2024-10-15 01:23:19,SHIPPED,102
O000842,C0180,2025-01-24 22:35:51,SHIPPED,103
O000843,C0384,2025-07-20 23:16:32,SHIPPED,102
O000844,C0316,2025-11-20 03:22:53,CANCELLED,101
O000845,C0045,2025-03-01 06:47:07,PLACED,101
O000846,C0386,2024-12-13 12:58:58,PLACED,103
O000847,C0374,2025-04-18 03:20:44,CANCELLED,102
O000848,C0494,2026-06-01 13:04:11,CANCELLED,102
O000849,C0406,2024-08-21 15:29:14,SHIPPED,101
O000850,C0142,2026-05-14 00:15:05,PLACED,101
O000851,C0284,2025-12-12 00:35:50,RETURNED,103
O000852,C0370,2024-12-28 08:22:22,RETURNED,102
O000853,C0399,2024-10-07 21:38:41,PLACED,103
O000854,C0449,2025-01-11 11:13:40,DELIVERED,101
O000855,C0266,2025-11-15 18:47:02,RETURNED,103
O000856,C0097,2025-06-14 09:51:56,CANCELLED,102
O000857,C0331,2025-03-21 05:52:32,PLACED,101
O000858,C0254,2024-07-23 21:23:17,CANCELLED,101
O000859,C0124,2024-11-19 04:19:44,CANCELLED,103
O000860,C0305,2026-03-21 05:00:58,PLACED,103
O000861,C0456,2025-02-11 15:23:01,PLACED,102
O000862,C0479,2025-10-09 08:02:43,DELIVERED,101
O000863,C0199,2024-10-13 02:56:09,RETURNED,102
O000864,C0188,2025-05-15 14:54:26,RETURNED,103
O000865,C0089,2026-03-17 03:12:43,CANCELLED,101
O000866,C0009,2025-01-17 00:01:10,RETURNED,101
O000867,C0008,2024-07-19 02:58:13,DELIVERED,101
O000868,C0021,2024-08-13 19:19:08,PLACED,102
O000869,C0260,2025-10-06 12:33:59,DELIVERED,103
O000870,C0365,2026-03-12 17:32:34,RETURNED,102
O000871,C0217,2025-12-30 17:02:43,CANCELLED,101
O000872,C0328,2025-07-16 08:11:36,RETURNED,103
O000873,C0316,2025-12-28 21:20:01,SHIPPED,102
O000874,C0043,2025-10-18 06:42:30,DELIVERED,101
O000875,C0262,2024-11-09 13:45:54,SHIPPED,101
O000876,C0275,2025-04-26 15:52:43,DELIVERED,102
O000877,C0301,2026-03-02 21:12:12,PLACED,102
O000878,C0358,2024-09-19 16:31:55,CANCELLED,103
O000879,C0489,2025-01-21 09:01:29,SHIPPED,101
O000880,C0126,2024-11-11 16:13:05,PLACED,102
O000881,C0060,2025-08-04 11:40:31,CANCELLED,103
O000882,C0312,2024-09-21 04:21:15,PLACED,102
O000883,C0342,2025-12-26 23:26:26,SHIPPED,101
O000884,C0007,2025-11-04 16:52:54,SHIPPED,103
O000885,C0006,2025-04-01 01:09:03,SHIPPED,102
O000886,C0488,2026-07-05 04:47:05,DELIVERED,103
O000887,C0265,2026-02-22 03:44:00,DELIVERED,101
O000888,C0191,2025-11-09 17:49:01,SHIPPED,103
O000889,C0400,2024-08-27 19:57:45,DELIVERED,103
O000890,C0454,2024-08-27 14:47:42,PLACED,101
O000891,C0172,2025-04-14 07:50:08,CANCELLED,102
O000892,C0269,2025-11-24 20:15:10,PLACED,102
O000893,C0365,2024-11-08 17:45:12,RETURNED,103
O000894,C0040,2026-01-07 22:12:35,CANCELLED,102
O000895,C0262,2025-09-01 18:51:23,DELIVERED,101
O000896,C0256,2026-03-18 22:30:21,RETURNED,101
O000897,C0189,2024-10-03 14:25:53,SHIPPED,102
O000898,C0396,2024-10-17 22:05:58,PLACED,103
O000899,C0346,2025-07-26 02:33:22,PLACED,101
O000900,C0380,2025-01-08 21:52:31,RETURNED,101
O000901,C0023,2025-03-15 04:57:32,PLACED,101
O000902,C0024,2025-09-18 20:54:44,CANCELLED,102
O000903,C0197,2026-03-16 16:21:49,SHIPPED,101
O000904,C0477,2025-11-24 21:34:40,PLACED,103
O000905,C0412,2026-02-19 22:22:12,CANCELLED,101
O000906,C0165,2025-04-07 22:58:39,SHIPPED,102
O000907,C0469,2026-03-29 20:35:13,DELIVERED,102
O000908,C0423,2026-06-04 20:47:14,PLACED,103
O000909,C0191,2025-06-17 22:49:07,PLACED,103
O000910,C0345,2026-02-01 16:08:10,PLACED,101
O000911,C0115,2024-12-09 01:38:23,RETURNED,101
O000912,C0489,2024-07-28 18:33:05,CANCELLED,101
O000913,C0450,2025-12-29 13:03:24,CANCELLED,102
O000914,C0397,2025-05-01 14:37:45,DELIVERED,102
O000915,C0045,2025-04-16 09:13:54,RETURNED,102
O000916,C0005,2026-01-25 20:17:05,DELIVERED,101
O000917,C0150,2024-10-24 20:05:44,RETURNED,102
O000918,C0379,2025-01-22 21:49:20,RETURNED,101
O000919,C0238,2026-06-10 04:47:57,DELIVERED,103
O000920,C0498,2024-08-11 20:37:32,CANCELLED,101
O000921,C0376,2025-07-24 03:11:35,RETURNED,101
O000922,C0078,2026-01-12 00:58:07,PLACED,102
O000923,C0013,2025-06-17 00:05:49,SHIPPED,103
O000924,C0178,2025-09-19 09:28:59,PLACED,102
O000925,C0001,2025-02-26 02:23:02,CANCELLED,103
O000926,C0373,2025-09-06 17:48:08,DELIVERED,101
O000927,C0106,2026-01-04 14:13:54,RETURNED,101
O000928,C0215,2025-07-27 20:28:58,CANCELLED,101
O000929,C0498,2024-12-06 14:11:01,SHIPPED,103
O000930,C0144,2025-09-25 08:35:30,PLACED,101
O000931,C0472,2024-12-04 03:28:48,SHIPPED,103
O000932,C0212,2025-09-07 10:19:38,DELIVERED,102
O000933,C0499,2025-04-08 05:26:42,PLACED,103
O000934,C0049,2025-03-20 14:21:16,RETURNED,101
O000935,C0327,2026-02-01 01:28:34,CANCELLED,101
O000936,C0304,2025-07-11 00:00:58,RETURNED,101
O000937,C0223,2025-02-11 00:55:32,SHIPPED,101
O000938,C0150,2026-05-17 02:53:41,DELIVERED,102
O000939,C0475,2026-04-18 21:59:07,CANCELLED,103
O000940,C0426,2025-10-20 04:42:31,DELIVERED,102
O000941,C0232,2026-06-22 11:32:12,DELIVERED,101
O000942,C0039,2026-05-11 14:31:22,SHIPPED,101
O000943,C0400,2025-09-15 21:30:49,RETURNED,101
O000944,C0080,2024-11-13 17:31:25,PLACED,101
O000945,C0231,2024-09-03 16:27:30,CANCELLED,102
O000946,C0209,2025-08-28 17:37:30,PLACED,103
O000947,C0184,2024-11-09 14:23:24,SHIPPED,102
O000948,C0158,2025-06-26 05:38:04,CANCELLED,102
O000949,C0437,2025-02-26 20:14:37,PLACED,101
O000950,C0081,2026-04-09 15:34:29,DELIVERED,103
O000951,C0357,2025-02-01 17:41:31,RETURNED,101
O000952,C0111,2025-09-05 20:46:21,DELIVERED,101
O000953,C0047,2025-04-23 07:58:57,SHIPPED,102
O000954,C0203,2025-06-29 21:09:05,RETURNED,101
O000955,C0347,2024-07-12 17:55:27,DELIVERED,102
O000956,C0420,2026-03-06 20:39:50,SHIPPED,101
O000957,C0488,2025-11-19 18:10:25,CANCELLED,102
O000958,C0285,2025-08-09 04:14:29,RETURNED,101
O000959,C0049,2025-05-02 14:23:24,CANCELLED,101
O000960,C0412,2026-02-02 00:52:38,SHIPPED,101
O000961,C0007,2024-12-03 07:06:56,PLACED,101
O000962,C0067,2026-05-28 23:33:29,SHIPPED,102
O000963,C0191,2024-07-26 17:28:09,PLACED,103
O000964,C0301,2025-11-05 13:11:46,DELIVERED,101
O000965,C0012,2026-05-08 16:57:41,PLACED,101
O000966,C0463,2025-04-20 23:21:33,CANCELLED,101
O000967,C0048,2026-03-06 22:30:11,DELIVERED,101
O000968,C0022,2025-11-05 21:49:18,CANCELLED,101
O000969,C0087,2025-01-13 15:48:35,RETURNED,102
O000970,C0421,2025-03-18 06:40:37,CANCELLED,102
O000971,C0016,2026-01-23 04:59:11,CANCELLED,103
O000972,C0219,2024-08-30 09:16:54,SHIPPED,102
O000973,C0110,2025-12-05 11:54:35,SHIPPED,102
O000974,C0144,2025-09-03 19:23:00,CANCELLED,101
O000975,C0018,2026-04-09 08:41:58,RETURNED,103
O000976,C0316,2025-05-09 03:51:31,SHIPPED,103
O000977,C0152,2024-12-06 15:55:44,CANCELLED,102
O000978,C0452,2025-08-23 05:52:27,RETURNED,102
O000979,C0032,2025-12-24 20:43:39,PLACED,102
O000980,C0197,2025-08-02 15:29:39,SHIPPED,102
O000981,C0103,2026-02-26 22:49:26,RETURNED,101
O000982,C0323,2025-09-13 12:36:39,RETURNED,101
O000983,C0196,2024-11-08 21:43:31,DELIVERED,102
O000984,C0279,2025-10-31 08:23:08,CANCELLED,102
O000985,C0468,2025-02-17 02:24:52,RETURNED,103
O000986,C0165,2025-03-19 18:12:23,CANCELLED,102
O000987,C0093,2025-05-26 11:48:57,PLACED,102
O000988,C0306,2025-11-21 23:49:15,SHIPPED,101
O000989,C0459,2025-03-19 07:28:09,DELIVERED,101
O000990,C0415,2024-10-05 23:42:23,CANCELLED,103
O000991,C0184,2024-09-24 22:51:11,RETURNED,101
O000992,C0499,2025-08-22 13:40:14,SHIPPED,101
O000993,C0127,2025-12-05 23:07:29,SHIPPED,102
O000994,C0274,2024-09-01 23:30:29,PLACED,101
O000995,C0295,2024-08-15 04:34:23,CANCELLED,102
O000996,C0479,2026-04-21 21:38:18,SHIPPED,101
O000997,C0122,2026-07-10 14:21:22,RETURNED,102
O000998,C0413,2024-10-20 23:40:24,DELIVERED,103
O000999,C0015,2024-11-27 22:34:27,DELIVERED,103
O001000,C0289,2026-05-21 15:35:29,SHIPPED,103
